epoch, train_loss, train_acc, val_loss, val_acc, time, LR
1, 1.9277, 29.10%, 1.4532, 45.33%, 75.52s, 0.000999
2, 1.6161, 40.96%, 1.3022, 52.88%, 71.34s, 0.000996
3, 1.4949, 45.69%, 1.1868, 57.05%, 66.80s, 0.000991
4, 1.4016, 49.43%, 1.1661, 57.46%, 66.73s, 0.000984
5, 1.3203, 52.24%, 1.0579, 62.24%, 66.40s, 0.000976
6, 1.2633, 54.81%, 0.9967, 64.27%, 66.88s, 0.000965
7, 1.2095, 56.67%, 1.0659, 62.39%, 66.82s, 0.000952
8, 1.1734, 58.09%, 0.9696, 65.26%, 66.72s, 0.000938
9, 1.1155, 60.55%, 0.9214, 67.45%, 66.73s, 0.000922
10, 1.0754, 61.92%, 0.8850, 69.52%, 66.60s, 0.000905
11, 1.0368, 63.39%, 0.8880, 68.77%, 66.82s, 0.000885
12, 1.0053, 64.16%, 0.8221, 71.29%, 66.75s, 0.000864
13, 0.9610, 66.03%, 0.8303, 71.52%, 66.74s, 0.000842
14, 0.9394, 66.79%, 0.8126, 72.28%, 66.78s, 0.000819
15, 0.9013, 68.01%, 0.7913, 72.86%, 66.75s, 0.000794
16, 0.8750, 69.00%, 0.7656, 74.15%, 66.88s, 0.000768
17, 0.8515, 70.07%, 0.7888, 73.90%, 66.63s, 0.000741
18, 0.8141, 71.39%, 0.7769, 73.98%, 66.59s, 0.000713
19, 0.8004, 71.76%, 0.7546, 75.08%, 66.57s, 0.000684
20, 0.7719, 73.06%, 0.7581, 74.81%, 66.91s, 0.000655
21, 0.7473, 73.87%, 0.7728, 74.49%, 66.58s, 0.000624
22, 0.7231, 74.61%, 0.7513, 75.86%, 66.82s, 0.000594
23, 0.7042, 75.37%, 0.7845, 74.83%, 66.74s, 0.000563
24, 0.6758, 76.35%, 0.7450, 76.19%, 66.77s, 0.000531
25, 0.6571, 76.92%, 0.7730, 75.11%, 66.77s, 0.000500
26, 0.6338, 77.93%, 0.7587, 76.75%, 66.77s, 0.000469
27, 0.6228, 78.24%, 0.7736, 76.56%, 66.56s, 0.000437
28, 0.6104, 78.78%, 0.7675, 76.74%, 66.74s, 0.000406
29, 0.5881, 79.51%, 0.7891, 76.23%, 66.82s, 0.000376
30, 0.5660, 80.43%, 0.7575, 77.27%, 66.92s, 0.000345
31, 0.5587, 80.65%, 0.7717, 77.26%, 66.98s, 0.000316
32, 0.5383, 81.49%, 0.7859, 77.47%, 66.54s, 0.000287
33, 0.5209, 82.02%, 0.7716, 77.56%, 66.74s, 0.000259
34, 0.5111, 82.34%, 0.7798, 77.57%, 66.82s, 0.000232
35, 0.4928, 83.01%, 0.7919, 78.01%, 66.76s, 0.000206
36, 0.4826, 83.41%, 0.8020, 77.87%, 66.73s, 0.000181
37, 0.4734, 83.79%, 0.8208, 77.51%, 66.80s, 0.000158
38, 0.4557, 84.34%, 0.8061, 77.79%, 66.78s, 0.000136
39, 0.4549, 84.45%, 0.7838, 78.24%, 66.80s, 0.000115
40, 0.4409, 84.85%, 0.7943, 78.50%, 66.89s, 0.000095
41, 0.4387, 84.90%, 0.8022, 78.30%, 67.03s, 0.000078
42, 0.4323, 85.14%, 0.8241, 78.21%, 66.76s, 0.000062
43, 0.4212, 85.45%, 0.8188, 78.49%, 66.95s, 0.000048
44, 0.4206, 85.66%, 0.8130, 78.63%, 66.62s, 0.000035
45, 0.4209, 85.68%, 0.8140, 78.61%, 66.74s, 0.000024
46, 0.4105, 86.09%, 0.8160, 78.64%, 66.75s, 0.000016
47, 0.4123, 85.92%, 0.8101, 78.62%, 67.23s, 0.000009
48, 0.4033, 86.07%, 0.8147, 78.65%, 66.94s, 0.000004
49, 0.4094, 86.18%, 0.8140, 78.57%, 66.74s, 0.000001
50, 0.4049, 86.29%, 0.8144, 78.64%, 66.76s, 0.000000
51, 0.6345, 77.60%, 0.7537, 76.19%, 79.35s, 0.000999
52, 0.6625, 76.89%, 0.7531, 76.21%, 69.48s, 0.000996
53, 0.6607, 76.98%, 0.7586, 75.32%, 66.73s, 0.000991
54, 0.6533, 77.00%, 0.7581, 76.54%, 66.37s, 0.000984
55, 0.6560, 77.01%, 0.7369, 76.57%, 66.57s, 0.000976
56, 0.6489, 77.09%, 0.7376, 76.07%, 66.80s, 0.000965
57, 0.6329, 77.85%, 0.8183, 75.00%, 66.57s, 0.000952
58, 0.6279, 77.96%, 0.7570, 76.78%, 66.79s, 0.000938
59, 0.6173, 78.34%, 0.7397, 76.87%, 66.77s, 0.000922
60, 0.6125, 78.56%, 0.7388, 76.90%, 66.95s, 0.000905
61, 0.6006, 78.97%, 0.7677, 77.38%, 66.82s, 0.000885
62, 0.5919, 79.21%, 0.7387, 77.27%, 66.91s, 0.000864
63, 0.5856, 79.63%, 0.7398, 76.97%, 66.82s, 0.000842
64, 0.5654, 80.21%, 0.7235, 77.29%, 66.76s, 0.000819
65, 0.5520, 80.70%, 0.7271, 77.51%, 66.99s, 0.000794
66, 0.5422, 81.00%, 0.7037, 77.89%, 66.60s, 0.000768
67, 0.5311, 81.56%, 0.7708, 77.77%, 66.70s, 0.000741
68, 0.5181, 82.01%, 0.7028, 78.31%, 66.63s, 0.000713
69, 0.5154, 82.18%, 0.7363, 78.05%, 66.83s, 0.000684
70, 0.5072, 82.55%, 0.7575, 78.25%, 66.74s, 0.000655
71, 0.4841, 83.29%, 0.7171, 78.72%, 66.77s, 0.000624
72, 0.4691, 83.67%, 0.6932, 79.25%, 66.77s, 0.000594
73, 0.4654, 83.88%, 0.7167, 79.19%, 66.90s, 0.000563
74, 0.4570, 84.25%, 0.7015, 79.90%, 67.03s, 0.000531
75, 0.4412, 84.59%, 0.7288, 79.29%, 67.15s, 0.000500
76, 0.4315, 85.28%, 0.7087, 79.63%, 66.71s, 0.000469
77, 0.4166, 85.76%, 0.7223, 79.70%, 67.05s, 0.000437
78, 0.4088, 86.00%, 0.7162, 80.08%, 66.93s, 0.000406
79, 0.4032, 86.25%, 0.7219, 80.19%, 66.83s, 0.000376
80, 0.3920, 86.65%, 0.7148, 80.87%, 66.94s, 0.000345
81, 0.3782, 87.11%, 0.7081, 80.73%, 66.75s, 0.000316
82, 0.3765, 87.09%, 0.7071, 80.86%, 66.77s, 0.000287
83, 0.3655, 87.43%, 0.7393, 80.53%, 67.00s, 0.000259
84, 0.3537, 87.90%, 0.7379, 80.75%, 68.68s, 0.000232
85, 0.3482, 88.10%, 0.7318, 80.90%, 76.80s, 0.000206
86, 0.3342, 88.56%, 0.7364, 80.90%, 73.39s, 0.000181
87, 0.3312, 88.69%, 0.7254, 81.49%, 67.57s, 0.000158
88, 0.3182, 89.15%, 0.7507, 81.35%, 70.39s, 0.000136
89, 0.3232, 88.96%, 0.7282, 81.80%, 66.95s, 0.000115
90, 0.3164, 89.29%, 0.7381, 82.08%, 66.15s, 0.000095
91, 0.3115, 89.50%, 0.7473, 81.65%, 66.37s, 0.000078
92, 0.3027, 89.66%, 0.7312, 81.69%, 66.34s, 0.000062
93, 0.3036, 89.66%, 0.7358, 82.06%, 66.41s, 0.000048
94, 0.2931, 89.97%, 0.7366, 82.06%, 66.38s, 0.000035
95, 0.2975, 89.97%, 0.7313, 82.16%, 66.35s, 0.000024
96, 0.2845, 90.38%, 0.7499, 81.96%, 66.18s, 0.000016
97, 0.2903, 90.11%, 0.7454, 81.89%, 66.58s, 0.000009
98, 0.2901, 90.26%, 0.7399, 82.14%, 66.17s, 0.000004
99, 0.2877, 90.28%, 0.7403, 82.12%, 66.34s, 0.000001
100, 0.2882, 90.36%, 0.7401, 82.08%, 66.38s, 0.000000