fold, epoch, train_loss, train_acc, val_loss, val_acc, time, LR
1, 1, 4.4119, 4.26%, 5.8318, 0.00%, 55.53s, 0.000300
1, 2, 4.0035, 7.96%, 5.7505, 0.65%, 52.84s, 0.000299
1, 3, 3.7921, 11.30%, 5.4526, 0.74%, 52.90s, 0.000297
1, 4, 3.5774, 15.21%, 5.6435, 0.19%, 52.84s, 0.000295
1, 5, 3.3483, 19.51%, 5.5630, 0.09%, 53.11s, 0.000293
1, 6, 3.1205, 24.00%, 5.4741, 0.74%, 53.67s, 0.000289
1, 7, 2.8591, 27.73%, 5.7226, 0.19%, 53.21s, 0.000286
1, 8, 2.5622, 34.68%, 5.6280, 1.85%, 52.94s, 0.000281
1, 9, 2.2582, 41.78%, 5.7205, 3.43%, 53.19s, 0.000277
1, 10, 1.9268, 49.33%, 5.5955, 4.35%, 53.44s, 0.000271
1, 11, 1.6114, 57.50%, 5.8513, 5.00%, 53.25s, 0.000266
1, 12, 1.2399, 65.76%, 5.7815, 6.76%, 53.48s, 0.000259
1, 13, 0.9899, 73.22%, 5.9563, 6.39%, 53.35s, 0.000253
1, 14, 0.7948, 78.22%, 6.3136, 6.11%, 53.04s, 0.000246
1, 15, 0.6133, 84.24%, 6.3535, 5.46%, 53.35s, 0.000238
1, 16, 0.4614, 88.06%, 6.4189, 6.02%, 53.20s, 0.000230
1, 17, 0.3864, 89.72%, 6.5772, 6.57%, 52.95s, 0.000222
1, 18, 0.3267, 91.88%, 6.7202, 6.30%, 53.10s, 0.000214
1, 19, 0.2482, 93.89%, 6.6613, 5.93%, 53.18s, 0.000205
1, 20, 0.2265, 94.49%, 6.7265, 6.85%, 53.36s, 0.000196
1, 21, 0.1971, 95.53%, 6.7906, 6.11%, 53.20s, 0.000187
1, 22, 0.1745, 95.86%, 6.6782, 6.94%, 53.51s, 0.000178
1, 23, 0.1423, 96.62%, 6.7807, 6.67%, 53.32s, 0.000169
1, 24, 0.1320, 96.90%, 6.9024, 7.59%, 53.27s, 0.000159
1, 25, 0.1136, 97.57%, 6.9454, 6.48%, 53.24s, 0.000150
1, 26, 0.1127, 97.43%, 6.8850, 7.04%, 53.44s, 0.000141
1, 27, 0.0944, 98.12%, 6.9831, 6.67%, 53.77s, 0.000131
1, 28, 0.0754, 98.47%, 6.8900, 7.50%, 53.21s, 0.000122
1, 29, 0.0803, 98.10%, 7.0564, 7.31%, 53.21s, 0.000113
1, 30, 0.0740, 98.43%, 6.9555, 7.31%, 53.25s, 0.000104
1, 31, 0.0648, 98.50%, 6.9817, 7.13%, 53.16s, 0.000095
1, 32, 0.0593, 98.89%, 7.0810, 7.22%, 53.33s, 0.000086
1, 33, 0.0550, 98.87%, 7.0064, 7.59%, 53.14s, 0.000078
1, 34, 0.0481, 99.00%, 6.8573, 7.50%, 53.14s, 0.000070
1, 35, 0.0458, 99.05%, 6.9706, 6.76%, 53.24s, 0.000062
1, 36, 0.0462, 99.03%, 6.9471, 8.15%, 53.39s, 0.000054
1, 37, 0.0385, 99.26%, 7.0126, 7.50%, 53.11s, 0.000047
1, 38, 0.0391, 99.19%, 7.0210, 7.31%, 53.17s, 0.000041
1, 39, 0.0359, 99.35%, 6.9552, 7.22%, 53.28s, 0.000034
1, 40, 0.0300, 99.42%, 7.0097, 7.04%, 53.10s, 0.000029
1, 41, 0.0316, 99.33%, 7.0852, 7.22%, 53.58s, 0.000023
1, 42, 0.0297, 99.35%, 7.1112, 6.39%, 53.23s, 0.000019
1, 43, 0.0244, 99.61%, 7.0783, 6.94%, 53.30s, 0.000014
1, 44, 0.0299, 99.44%, 7.0672, 7.50%, 53.27s, 0.000011
1, 45, 0.0242, 99.54%, 7.2007, 6.85%, 53.29s, 0.000007
1, 46, 0.0287, 99.33%, 7.2268, 5.74%, 53.21s, 0.000005
1, 47, 0.0266, 99.54%, 7.1387, 6.48%, 53.26s, 0.000003
1, 48, 0.0245, 99.65%, 7.1660, 6.85%, 53.26s, 0.000001
1, 49, 0.0240, 99.58%, 7.1064, 7.22%, 53.07s, 0.000000
1, 50, 0.0208, 99.68%, 7.0994, 6.76%, 53.15s, 0.000000
2, 1, 4.4555, 4.72%, 5.9766, 0.00%, 53.29s, 0.000300
2, 2, 4.0508, 6.78%, 5.7785, 0.74%, 53.18s, 0.000299
2, 3, 3.8757, 9.72%, 5.4995, 0.09%, 53.28s, 0.000297
2, 4, 3.6783, 13.17%, 5.2673, 1.39%, 53.18s, 0.000295
2, 5, 3.4758, 16.50%, 5.1523, 0.46%, 53.46s, 0.000293
2, 6, 3.2328, 21.09%, 5.4151, 0.37%, 53.28s, 0.000289
2, 7, 2.9729, 26.06%, 5.2893, 2.59%, 53.11s, 0.000286
2, 8, 2.7029, 31.78%, 5.0998, 3.70%, 53.36s, 0.000281
2, 9, 2.3893, 39.03%, 5.3787, 4.35%, 53.16s, 0.000277
2, 10, 2.0414, 46.46%, 5.8121, 4.54%, 53.07s, 0.000271
2, 11, 1.6999, 54.61%, 5.8385, 5.28%, 53.29s, 0.000266
2, 12, 1.3412, 64.47%, 5.8559, 7.41%, 53.15s, 0.000259
2, 13, 1.0870, 70.39%, 5.7196, 9.91%, 53.34s, 0.000253
2, 14, 0.7970, 78.29%, 6.4086, 7.22%, 53.17s, 0.000246
2, 15, 0.6578, 82.57%, 6.4739, 8.24%, 53.27s, 0.000238
2, 16, 0.5038, 86.76%, 6.3584, 8.43%, 53.10s, 0.000230
2, 17, 0.3978, 89.79%, 6.4174, 9.07%, 53.19s, 0.000222
2, 18, 0.3350, 91.39%, 6.5138, 8.98%, 53.31s, 0.000214
2, 19, 0.2581, 93.59%, 6.6456, 8.24%, 53.07s, 0.000205
2, 20, 0.2371, 93.91%, 6.6805, 9.17%, 53.05s, 0.000196
2, 21, 0.1966, 95.19%, 6.7094, 9.07%, 53.22s, 0.000187
2, 22, 0.1602, 96.32%, 6.5773, 9.54%, 53.28s, 0.000178
2, 23, 0.1468, 96.32%, 6.8064, 9.17%, 53.20s, 0.000169
2, 24, 0.1391, 96.88%, 6.8098, 8.98%, 53.30s, 0.000159
2, 25, 0.1314, 97.06%, 6.8808, 9.07%, 53.07s, 0.000150
2, 26, 0.1018, 97.87%, 6.7422, 9.17%, 53.29s, 0.000141
2, 27, 0.0883, 98.01%, 7.0260, 8.43%, 53.33s, 0.000131
2, 28, 0.0934, 97.92%, 7.1131, 8.15%, 53.16s, 0.000122
2, 29, 0.0833, 98.19%, 6.8649, 9.17%, 53.14s, 0.000113
2, 30, 0.0652, 98.68%, 6.9123, 9.26%, 53.16s, 0.000104
2, 31, 0.0609, 98.70%, 6.8005, 9.72%, 53.27s, 0.000095
2, 32, 0.0574, 98.84%, 6.7610, 10.09%, 53.36s, 0.000086
2, 33, 0.0516, 99.07%, 6.8249, 9.91%, 53.04s, 0.000078
2, 34, 0.0490, 99.07%, 6.7991, 9.91%, 53.28s, 0.000070
2, 35, 0.0514, 98.96%, 6.9274, 10.00%, 52.99s, 0.000062
2, 36, 0.0463, 99.05%, 7.0016, 9.44%, 53.25s, 0.000054
2, 37, 0.0508, 98.82%, 6.9168, 9.72%, 53.36s, 0.000047
2, 38, 0.0373, 99.33%, 7.0025, 9.44%, 53.14s, 0.000041
2, 39, 0.0311, 99.42%, 6.9165, 10.19%, 53.60s, 0.000034
2, 40, 0.0370, 99.26%, 6.9367, 9.63%, 53.36s, 0.000029
2, 41, 0.0375, 99.14%, 6.8560, 10.28%, 53.30s, 0.000023
2, 42, 0.0321, 99.35%, 6.9085, 9.81%, 53.15s, 0.000019
2, 43, 0.0316, 99.31%, 6.9486, 10.28%, 53.08s, 0.000014
2, 44, 0.0308, 99.44%, 6.9124, 9.72%, 53.60s, 0.000011
2, 45, 0.0246, 99.49%, 6.8213, 10.28%, 53.15s, 0.000007
2, 46, 0.0270, 99.49%, 6.9211, 10.65%, 53.13s, 0.000005
2, 47, 0.0257, 99.49%, 6.8653, 10.28%, 53.06s, 0.000003
2, 48, 0.0233, 99.56%, 6.8739, 10.00%, 53.19s, 0.000001
2, 49, 0.0210, 99.72%, 6.8564, 11.20%, 53.25s, 0.000000
2, 50, 0.0192, 99.75%, 6.9001, 9.81%, 53.09s, 0.000000
3, 1, 4.4230, 4.75%, 5.8710, 0.00%, 53.34s, 0.000300
3, 2, 4.0620, 7.25%, 5.5240, 0.00%, 53.19s, 0.000299
3, 3, 3.8275, 10.23%, 5.5783, 0.09%, 53.56s, 0.000297
3, 4, 3.6454, 14.10%, 5.6445, 0.00%, 53.23s, 0.000295
3, 5, 3.4403, 16.92%, 5.2754, 0.37%, 53.19s, 0.000293
3, 6, 3.2291, 21.25%, 5.6148, 1.30%, 53.45s, 0.000289
3, 7, 2.9591, 25.58%, 5.3547, 2.13%, 53.45s, 0.000286
3, 8, 2.7068, 32.69%, 5.5002, 1.94%, 53.53s, 0.000281
3, 9, 2.4362, 37.82%, 5.4108, 2.31%, 53.33s, 0.000277
3, 10, 2.0982, 44.44%, 5.5674, 5.37%, 53.37s, 0.000271
3, 11, 1.7808, 52.89%, 5.9468, 4.72%, 53.18s, 0.000266
3, 12, 1.4214, 62.27%, 5.9726, 6.11%, 53.40s, 0.000259
3, 13, 1.1524, 69.00%, 6.2664, 5.37%, 53.59s, 0.000253
3, 14, 0.8796, 76.37%, 6.0105, 7.59%, 53.28s, 0.000246
3, 15, 0.6825, 82.08%, 6.6573, 6.39%, 53.54s, 0.000238
3, 16, 0.5399, 86.27%, 6.4879, 6.94%, 53.24s, 0.000230
3, 17, 0.4660, 88.22%, 6.4820, 8.24%, 53.50s, 0.000222
3, 18, 0.3316, 91.41%, 6.4308, 7.78%, 53.42s, 0.000214
3, 19, 0.2993, 92.73%, 6.7155, 7.41%, 53.48s, 0.000205
3, 20, 0.2363, 94.31%, 6.8101, 6.85%, 53.61s, 0.000196
3, 21, 0.2037, 95.19%, 6.5300, 8.24%, 53.55s, 0.000187
3, 22, 0.1876, 95.86%, 6.7465, 7.41%, 53.26s, 0.000178
3, 23, 0.1546, 96.64%, 6.7032, 7.59%, 53.41s, 0.000169
3, 24, 0.1331, 97.04%, 6.8694, 7.50%, 53.63s, 0.000159
3, 25, 0.1213, 97.41%, 6.9601, 7.13%, 53.40s, 0.000150
3, 26, 0.1045, 97.78%, 6.7093, 7.31%, 53.42s, 0.000141
3, 27, 0.0974, 98.01%, 6.7815, 7.59%, 53.30s, 0.000131
3, 28, 0.0780, 98.43%, 6.9375, 7.78%, 53.45s, 0.000122
3, 29, 0.0845, 98.06%, 6.9072, 7.78%, 53.52s, 0.000113
3, 30, 0.0742, 98.59%, 6.9338, 8.24%, 53.51s, 0.000104
3, 31, 0.0717, 98.56%, 6.9233, 9.17%, 53.56s, 0.000095
3, 32, 0.0576, 98.77%, 6.8423, 9.35%, 53.28s, 0.000086
3, 33, 0.0546, 99.00%, 6.9272, 8.80%, 53.26s, 0.000078
3, 34, 0.0485, 99.10%, 6.9737, 8.33%, 53.37s, 0.000070
3, 35, 0.0503, 98.89%, 6.9638, 7.96%, 53.46s, 0.000062
3, 36, 0.0466, 99.03%, 7.1928, 8.06%, 53.57s, 0.000054
3, 37, 0.0425, 99.12%, 7.0631, 7.96%, 53.43s, 0.000047
3, 38, 0.0386, 99.19%, 6.9038, 9.44%, 53.46s, 0.000041
3, 39, 0.0339, 99.33%, 6.8621, 8.80%, 53.41s, 0.000034
3, 40, 0.0326, 99.51%, 6.8997, 10.19%, 53.58s, 0.000029
3, 41, 0.0274, 99.51%, 6.8013, 9.63%, 53.28s, 0.000023
3, 42, 0.0310, 99.31%, 6.9863, 8.70%, 53.38s, 0.000019
3, 43, 0.0268, 99.47%, 7.0438, 8.33%, 53.51s, 0.000014
3, 44, 0.0275, 99.49%, 6.9197, 9.17%, 53.36s, 0.000011
3, 45, 0.0223, 99.72%, 6.9760, 8.89%, 53.47s, 0.000007
3, 46, 0.0252, 99.54%, 6.9475, 8.80%, 53.40s, 0.000005
3, 47, 0.0256, 99.58%, 6.9096, 9.35%, 53.23s, 0.000003
3, 48, 0.0237, 99.65%, 6.9706, 9.17%, 53.46s, 0.000001
3, 49, 0.0209, 99.75%, 6.9370, 9.17%, 53.46s, 0.000000
3, 50, 0.0230, 99.47%, 6.9338, 9.26%, 53.31s, 0.000000
4, 1, 4.4331, 4.56%, 5.6186, 0.00%, 52.87s, 0.000300
4, 2, 4.0197, 8.22%, 5.3891, 0.28%, 53.11s, 0.000299
4, 3, 3.8434, 10.74%, 5.4861, 0.28%, 53.12s, 0.000297
4, 4, 3.6306, 13.61%, 5.5805, 0.00%, 52.98s, 0.000295
4, 5, 3.4047, 17.96%, 5.4114, 0.37%, 53.42s, 0.000293
4, 6, 3.1930, 22.41%, 5.4411, 0.93%, 54.96s, 0.000289
4, 7, 2.9223, 27.62%, 5.3423, 1.20%, 56.80s, 0.000286
4, 8, 2.6065, 33.98%, 5.2576, 2.78%, 57.03s, 0.000281
4, 9, 2.3062, 41.06%, 5.2440, 5.46%, 52.38s, 0.000277
4, 10, 1.9535, 49.03%, 5.4050, 5.37%, 52.22s, 0.000271
4, 11, 1.6299, 57.06%, 5.7348, 6.94%, 52.89s, 0.000266
4, 12, 1.2822, 65.46%, 5.9465, 5.56%, 52.12s, 0.000259
4, 13, 0.9919, 73.59%, 6.3023, 5.00%, 52.17s, 0.000253
4, 14, 0.7824, 79.65%, 6.2517, 6.02%, 52.29s, 0.000246
4, 15, 0.6219, 84.03%, 6.3663, 5.83%, 52.39s, 0.000238
4, 16, 0.4620, 88.22%, 6.4614, 5.83%, 52.67s, 0.000230
4, 17, 0.3741, 90.79%, 6.4082, 6.48%, 52.32s, 0.000222
4, 18, 0.3315, 91.76%, 6.5675, 5.19%, 52.34s, 0.000214
4, 19, 0.2621, 93.77%, 6.5764, 6.48%, 52.39s, 0.000205
4, 20, 0.2141, 95.14%, 6.5429, 6.85%, 52.39s, 0.000196
4, 21, 0.1730, 96.04%, 6.7715, 6.30%, 52.65s, 0.000187
4, 22, 0.1682, 96.18%, 6.9316, 5.19%, 52.08s, 0.000178
4, 23, 0.1465, 96.78%, 6.6424, 6.57%, 52.58s, 0.000169
4, 24, 0.1305, 97.20%, 6.6453, 6.02%, 52.42s, 0.000159
4, 25, 0.1133, 97.55%, 6.6012, 6.30%, 52.38s, 0.000150
4, 26, 0.1002, 97.80%, 6.7284, 7.41%, 52.50s, 0.000141
4, 27, 0.0915, 98.10%, 6.8779, 6.48%, 52.21s, 0.000131
4, 28, 0.0690, 98.82%, 6.6401, 6.76%, 52.33s, 0.000122
4, 29, 0.0647, 98.73%, 7.0364, 6.02%, 52.20s, 0.000113
4, 30, 0.0721, 98.43%, 6.8276, 6.85%, 52.48s, 0.000104
4, 31, 0.0621, 98.75%, 6.9678, 5.09%, 52.55s, 0.000095
4, 32, 0.0508, 98.98%, 6.8360, 6.20%, 52.53s, 0.000086
4, 33, 0.0522, 99.00%, 6.9569, 7.22%, 52.37s, 0.000078
4, 34, 0.0511, 99.00%, 7.0330, 5.74%, 52.42s, 0.000070
4, 35, 0.0418, 99.10%, 6.7844, 6.67%, 52.33s, 0.000062
4, 36, 0.0374, 99.28%, 6.9769, 6.39%, 52.47s, 0.000054
4, 37, 0.0399, 99.28%, 6.9041, 5.65%, 52.41s, 0.000047
4, 38, 0.0398, 99.17%, 6.9262, 6.02%, 52.41s, 0.000041
4, 39, 0.0307, 99.47%, 6.9164, 7.04%, 52.43s, 0.000034
4, 40, 0.0407, 99.03%, 7.0220, 5.74%, 52.42s, 0.000029
4, 41, 0.0290, 99.40%, 6.9391, 6.11%, 52.48s, 0.000023
4, 42, 0.0232, 99.65%, 7.0331, 6.57%, 52.35s, 0.000019
4, 43, 0.0267, 99.51%, 6.9502, 6.85%, 52.53s, 0.000014
4, 44, 0.0266, 99.49%, 6.9046, 6.39%, 52.37s, 0.000011
4, 45, 0.0252, 99.47%, 6.9352, 6.02%, 52.61s, 0.000007
4, 46, 0.0250, 99.63%, 7.0228, 6.48%, 52.37s, 0.000005
4, 47, 0.0252, 99.42%, 7.0006, 6.94%, 52.58s, 0.000003
4, 48, 0.0233, 99.47%, 6.9963, 6.39%, 52.42s, 0.000001
4, 49, 0.0214, 99.75%, 7.0613, 6.20%, 53.25s, 0.000000
4, 50, 0.0200, 99.65%, 6.9840, 6.76%, 56.45s, 0.000000
5, 1, 4.5735, 3.06%, 4.2598, 4.54%, 52.79s, 0.000300
5, 2, 4.2245, 5.86%, 4.0697, 7.04%, 52.85s, 0.000299
5, 3, 3.9891, 7.99%, 3.9319, 9.17%, 52.79s, 0.000297
5, 4, 3.8013, 11.34%, 3.8276, 13.89%, 52.73s, 0.000295
5, 5, 3.6122, 14.26%, 3.8212, 11.76%, 52.96s, 0.000293
5, 6, 3.4243, 17.18%, 3.6686, 15.83%, 53.05s, 0.000289
5, 7, 3.1985, 22.27%, 3.5156, 18.98%, 52.75s, 0.000286
5, 8, 2.9271, 26.50%, 3.4978, 19.91%, 52.83s, 0.000281
5, 9, 2.6653, 33.22%, 3.4327, 23.70%, 52.70s, 0.000277
5, 10, 2.4081, 38.43%, 3.4899, 24.35%, 52.86s, 0.000271
5, 11, 2.1066, 45.05%, 3.3499, 27.50%, 52.74s, 0.000266
5, 12, 1.7963, 53.56%, 3.4625, 28.52%, 52.91s, 0.000259
5, 13, 1.4682, 61.09%, 3.3620, 32.41%, 52.78s, 0.000253
5, 14, 1.1928, 67.80%, 3.4242, 32.41%, 53.12s, 0.000246
5, 15, 0.9633, 74.24%, 3.4103, 36.67%, 52.55s, 0.000238
5, 16, 0.7538, 80.46%, 3.4579, 37.50%, 52.96s, 0.000230
5, 17, 0.5850, 85.79%, 3.4335, 38.80%, 52.90s, 0.000222
5, 18, 0.4646, 88.54%, 3.4610, 39.07%, 52.91s, 0.000214
5, 19, 0.3749, 91.09%, 3.4651, 39.63%, 52.69s, 0.000205
5, 20, 0.3389, 91.92%, 3.5207, 39.91%, 52.86s, 0.000196
5, 21, 0.2572, 94.07%, 3.5503, 40.09%, 52.87s, 0.000187
5, 22, 0.2311, 94.98%, 3.6058, 38.89%, 52.96s, 0.000178
5, 23, 0.1955, 95.58%, 3.5915, 40.56%, 52.74s, 0.000169
5, 24, 0.1598, 96.48%, 3.6308, 40.00%, 53.04s, 0.000159
5, 25, 0.1521, 96.76%, 3.7328, 40.09%, 52.95s, 0.000150
5, 26, 0.1378, 97.04%, 3.6654, 40.46%, 52.98s, 0.000141
5, 27, 0.1193, 97.41%, 3.7081, 39.81%, 52.88s, 0.000131
5, 28, 0.1084, 97.66%, 3.6950, 39.91%, 52.89s, 0.000122
5, 29, 0.0998, 98.08%, 3.7044, 41.20%, 52.84s, 0.000113
5, 30, 0.0864, 98.38%, 3.7130, 40.28%, 52.76s, 0.000104
5, 31, 0.0832, 98.36%, 3.7167, 40.19%, 53.35s, 0.000095
5, 32, 0.0880, 98.24%, 3.7171, 40.46%, 58.98s, 0.000086
5, 33, 0.0692, 98.59%, 3.7957, 41.48%, 54.96s, 0.000078
5, 34, 0.0648, 98.66%, 3.7376, 41.48%, 53.18s, 0.000070
5, 35, 0.0629, 98.52%, 3.6954, 40.74%, 52.84s, 0.000062
5, 36, 0.0488, 99.14%, 3.7628, 41.48%, 53.03s, 0.000054
5, 37, 0.0484, 99.17%, 3.7484, 40.93%, 53.25s, 0.000047
5, 38, 0.0502, 99.10%, 3.7546, 40.28%, 54.08s, 0.000041
5, 39, 0.0487, 98.98%, 3.7452, 41.11%, 55.12s, 0.000034
5, 40, 0.0452, 99.05%, 3.7783, 40.74%, 54.00s, 0.000029
5, 41, 0.0364, 99.42%, 3.7885, 41.02%, 53.56s, 0.000023
5, 42, 0.0354, 99.33%, 3.7927, 40.93%, 53.42s, 0.000019
5, 43, 0.0388, 99.40%, 3.7797, 41.39%, 53.44s, 0.000014
5, 44, 0.0351, 99.44%, 3.7860, 41.30%, 53.44s, 0.000011
5, 45, 0.0352, 99.40%, 3.7804, 41.02%, 53.30s, 0.000007
5, 46, 0.0338, 99.35%, 3.7796, 41.48%, 53.54s, 0.000005
5, 47, 0.0381, 99.17%, 3.7792, 41.48%, 54.41s, 0.000003
5, 48, 0.0330, 99.44%, 3.7823, 41.39%, 54.50s, 0.000001
5, 49, 0.0371, 99.28%, 3.7816, 41.57%, 53.63s, 0.000000
5, 50, 0.0336, 99.35%, 3.7817, 41.57%, 53.53s, 0.000000